to,email,subject,body
"Lockheed Martin Decision Maker","info@lockheedmartin.com","Unlock Compliance Moat for Lockheed Martin","Hi Lockheed Martin Team, Bickford's OPTR ledger delivers cryptographic compliance and saves 100+ hours for Aerospace leaders. Can we schedule a quick call to show how you can achieve audit-proof automation? Best, Bickford Team"
"Goldman Sachs Decision Maker","info@goldmansachs.com","Unlock Compliance Moat for Goldman Sachs","Hi Goldman Sachs Team, Bickford's OPTR ledger delivers cryptographic compliance and saves 100+ hours for Finance leaders. Can we schedule a quick call to show how you can achieve audit-proof automation? Best, Bickford Team"
"Kaiser Permanente Decision Maker","info@kp.org","Unlock Compliance Moat for Kaiser Permanente","Hi Kaiser Permanente Team, Bickford's OPTR ledger delivers cryptographic compliance and saves 100+ hours for Healthcare leaders. Can we schedule a quick call to show how you can achieve audit-proof automation? Best, Bickford Team"
"Procter & Gamble Decision Maker","info@pg.com","Unlock Compliance Moat for Procter & Gamble","Hi Procter & Gamble Team, Bickford's OPTR ledger delivers cryptographic compliance and saves 100+ hours for Consumer Goods leaders. Can we schedule a quick call to show how you can achieve audit-proof automation? Best, Bickford Team"
"ExxonMobil Decision Maker","info@corporate.exxonmobil.com","Unlock Compliance Moat for ExxonMobil","Hi ExxonMobil Team, Bickford's OPTR ledger delivers cryptographic compliance and saves 100+ hours for Energy leaders. Can we schedule a quick call to show how you can achieve audit-proof automation? Best, Bickford Team"
"Boeing Decision Maker","info@boeing.com","Unlock Compliance Moat for Boeing","Hi Boeing Team, Bickford's OPTR ledger delivers cryptographic compliance and saves 100+ hours for Aerospace leaders. Can we schedule a quick call to show how you can achieve audit-proof automation? Best, Bickford Team"
"JPMorgan Chase Decision Maker","info@jpmorganchase.com","Unlock Compliance Moat for JPMorgan Chase","Hi JPMorgan Chase Team, Bickford's OPTR ledger delivers cryptographic compliance and saves 100+ hours for Finance leaders. Can we schedule a quick call to show how you can achieve audit-proof automation? Best, Bickford Team"
"CVS Health Decision Maker","info@cvshealth.com","Unlock Compliance Moat for CVS Health","Hi CVS Health Team, Bickford's OPTR ledger delivers cryptographic compliance and saves 100+ hours for Healthcare leaders. Can we schedule a quick call to show how you can achieve audit-proof automation? Best, Bickford Team"
"Caterpillar Decision Maker","info@caterpillar.com","Unlock Compliance Moat for Caterpillar","Hi Caterpillar Team, Bickford's OPTR ledger delivers cryptographic compliance and saves 100+ hours for Manufacturing leaders. Can we schedule a quick call to show how you can achieve audit-proof automation? Best, Bickford Team"
"General Electric Decision Maker","info@ge.com","Unlock Compliance Moat for General Electric","Hi General Electric Team, Bickford's OPTR ledger delivers cryptographic compliance and saves 100+ hours for Conglomerate leaders. Can we schedule a quick call to show how you can achieve audit-proof automation? Best, Bickford Team"
